{"cameraMode":{"drawMode":0,"name":"Shaded","section":"Shading Mode"},"sceneLighting":true,"audioPlay":false,"sceneViewState":{"showFog":true,"showMaterialUpdate":false,"showSkybox":true,"showFlares":true,"showImageEffects":true,"showParticleSystems":true},"in2DMode":false,"pivot":{"x":10.420097351074219,"y":-6.24059534072876,"z":12.74013900756836},"rotation":{"x":-0.17858606576919557,"y":-0.2866533696651459,"z":0.054475437849760059,"w":-0.9396799206733704},"size":23.079059600830079,"orthographic":false}